pno,name,pdate,amount
1,이유신,2023-05-03,343000
2,이유신,2024-01-24,157000
3,홍길순,2023-05-19,296000
4,김유신,2024-01-21,250000
5,홍길순,2023-12-06,107000
6,홍길동,2023-04-05,333000
7,이유신,2024-03-03,230000
8,강감순,2023-06-12,202000
9,홍길동,2023-02-26,340000
10,이순신,2024-02-12,119000
11,이유신,2023-08-24,103000
12,홍길동,2023-12-06,257000
13,강감순,2023-11-15,191000
14,홍길동,2023-01-05,252000
15,홍길자,2023-01-22,2000
16,홍길순,2024-03-27,297000
17,홍길순,2024-03-19,218000
18,강감순,2023-12-18,334000
19,이순신,2023-05-30,18000
20,홍길자,2023-11-27,333000
21,이유신,2023-04-20,347000
22,유관순,2023-03-06,104000
23,홍길자,2023-07-14,249000
24,이유신,2024-04-09,10000
25,홍길동,2023-05-22,303000
26,이순신,2023-10-10,84000
27,김구,2023-09-06,287000
28,홍길순,2023-02-28,230000
29,김구,2023-06-08,131000
30,김유신,2023-07-11,302000
31,홍길순,2023-01-26,190000
32,홍길동,2023-04-11,384000
33,강감순,2023-10-18,148000
34,유관순,2023-01-07,76000
35,강감찬,2023-03-15,293000
36,김유신,2023-10-12,194000
37,김유신,2024-04-14,200000
38,이유신,2023-12-20,252000
39,이순신,2024-01-14,192000
40,강감찬,2024-04-10,144000
41,이유신,2024-01-19,243000
42,이순신,2023-11-24,305000
43,김구,2023-09-22,264000
44,홍길순,2023-08-10,258000
45,이유신,2023-11-17,70000
46,이유신,2023-07-10,280000
47,강감순,2023-03-24,130000
48,홍길동,2023-10-10,374000
49,강감찬,2023-01-18,344000
50,강감순,2023-02-19,65000
51,김구,2023-02-25,21000
52,강감찬,2023-02-17,391000
53,홍길동,2023-12-12,366000
54,유관순,2023-09-29,216000
55,강감찬,2024-03-03,293000
56,강감순,2023-05-18,128000
57,홍길동,2024-02-11,340000
58,강감찬,2023-10-15,229000
59,이유신,2023-02-01,310000
60,홍길자,2023-11-08,107000
61,홍길순,2024-02-03,262000
62,홍길순,2023-10-05,383000
63,강감순,2023-03-30,169000
64,강감순,2023-02-25,214000
65,홍길자,2023-11-28,214000
66,강감순,2023-06-17,72000
67,강감찬,2023-10-25,69000
68,유관순,2023-11-15,369000
69,이유신,2024-03-13,198000
70,이유신,2023-06-11,121000
71,이유신,2024-02-23,37000
72,김구,2023-01-03,197000
73,이순신,2023-03-10,198000
74,강감순,2023-07-03,363000
75,강감찬,2023-06-25,118000
76,홍길자,2023-10-27,122000
77,강감찬,2023-09-12,7000
78,강감찬,2023-11-15,51000
79,강감순,2023-10-17,290000
80,유관순,2023-03-27,149000
81,이유신,2023-10-24,165000
82,홍길순,2023-02-01,229000
83,홍길자,2023-10-15,246000
84,김유신,2023-01-11,279000
85,유관순,2023-08-17,189000
86,홍길순,2023-04-28,139000
87,김유신,2024-02-09,375000
88,홍길자,2023-12-22,313000
89,이순신,2023-09-21,186000
90,김유신,2024-04-02,6000
91,강감찬,2023-11-24,115000
92,김구,2024-03-20,250000
93,홍길자,2023-02-24,383000
94,김유신,2023-08-20,257000
95,김구,2024-03-07,381000
96,이순신,2024-02-03,235000
97,홍길순,2023-12-22,101000
98,이순신,2024-02-03,359000
99,김유신,2023-07-24,397000
100,이순신,2023-11-23,249000
101,김구,2023-03-29,112000
102,홍길동,2023-09-28,369000
103,김구,2023-07-21,257000
104,강감찬,2024-04-17,57000
105,유관순,2023-07-05,161000
106,강감찬,2023-01-31,251000
107,유관순,2023-10-18,95000
108,이유신,2024-01-23,49000
109,김구,2023-05-08,136000
110,이순신,2023-12-03,60000
111,홍길순,2023-02-15,245000
112,강감순,2023-03-28,170000
113,홍길자,2023-04-26,245000
114,이순신,2024-01-14,365000
115,김구,2024-03-03,327000
116,강감순,2023-01-20,41000
117,홍길순,2023-05-10,268000
118,김유신,2023-01-03,358000
119,강감찬,2023-08-31,59000
120,홍길순,2024-04-16,133000
121,김구,2023-03-18,60000
122,유관순,2024-04-27,112000
123,홍길순,2023-09-05,29000
124,김구,2023-07-16,359000
125,이순신,2023-12-27,141000
126,유관순,2023-10-02,362000
127,김유신,2023-01-18,273000
128,홍길순,2023-11-21,133000
129,김구,2024-02-15,313000
130,유관순,2023-03-06,14000
131,김구,2023-02-19,5000
132,홍길순,2023-08-24,77000
133,강감찬,2023-08-24,332000
134,유관순,2023-02-06,337000
135,강감순,2023-10-28,171000
136,강감찬,2023-11-30,214000
137,강감순,2023-01-18,233000
138,유관순,2023-10-07,205000
139,이순신,2023-11-06,28000
140,김구,2023-03-25,117000
141,홍길동,2023-08-05,161000
142,이순신,2023-04-25,385000
143,홍길자,2023-11-18,248000
144,홍길순,2023-08-08,22000
145,이순신,2024-03-15,37000
146,강감찬,2023-05-30,156000
147,유관순,2023-02-02,82000
148,홍길자,2024-02-14,393000
149,김유신,2023-03-07,171000
150,김구,2023-05-22,25000
151,이유신,2024-04-28,74000
152,홍길자,2023-02-06,105000
153,홍길순,2023-01-22,21000
154,홍길순,2023-08-30,391000
155,김유신,2023-09-14,294000
156,강감찬,2023-03-23,178000
157,강감찬,2024-03-11,367000
158,홍길동,2024-01-28,30000
159,홍길동,2023-06-07,227000
160,홍길순,2024-01-06,282000
161,김구,2023-03-04,88000
162,강감찬,2023-03-13,121000
163,이유신,2024-01-05,64000
164,홍길순,2024-04-12,389000
165,강감순,2023-02-09,8000
166,홍길자,2023-01-09,175000
167,김구,2023-03-05,304000
168,김유신,2023-12-07,349000
169,이순신,2023-02-20,140000
170,유관순,2023-12-28,246000
171,홍길순,2023-11-23,200000
172,이순신,2024-04-18,13000
173,유관순,2023-10-15,99000
174,홍길순,2024-04-09,262000
175,유관순,2023-06-11,319000
176,홍길동,2023-06-20,41000
177,이순신,2024-02-29,264000
178,이순신,2023-02-22,82000
179,강감찬,2023-12-08,158000
180,유관순,2023-05-08,163000
181,홍길동,2023-04-27,137000
182,홍길동,2023-01-19,231000
183,이유신,2023-01-31,138000
184,홍길순,2023-12-20,81000
185,강감찬,2023-04-05,97000
186,홍길순,2024-01-17,100000
187,이유신,2023-04-10,227000
188,이유신,2024-02-20,30000
189,유관순,2023-03-24,362000
190,이순신,2024-03-02,56000
191,유관순,2024-04-25,216000
192,홍길자,2024-03-08,155000
193,김유신,2024-04-06,398000
194,김유신,2023-01-10,189000
195,유관순,2023-06-04,14000
196,이순신,2023-11-15,167000
197,강감찬,2023-11-04,390000
198,이순신,2023-10-25,96000
199,홍길동,2024-02-17,358000
200,홍길동,2024-02-05,211000
201,강감순,2023-06-03,161000
202,강감찬,2023-07-16,250000
203,강감찬,2023-09-24,195000
204,홍길자,2023-09-17,265000
205,유관순,2023-12-27,158000
206,홍길순,2023-06-07,286000
207,홍길순,2023-12-29,340000
208,홍길자,2023-09-10,285000
209,홍길자,2023-01-19,386000
210,김유신,2023-11-06,111000
211,김구,2024-04-06,65000
212,김유신,2023-02-26,275000
213,홍길순,2024-01-23,389000
214,홍길동,2023-09-22,104000
215,이유신,2023-05-06,249000
216,홍길순,2023-02-03,394000
217,강감찬,2024-03-24,114000
218,강감찬,2023-08-03,385000
219,홍길순,2023-03-20,282000
220,이유신,2024-02-05,121000
221,이순신,2024-01-21,209000
222,김유신,2024-02-05,37000
223,홍길동,2023-04-29,152000
224,홍길동,2023-01-17,132000
225,홍길순,2023-08-31,388000
226,강감순,2023-12-31,155000
227,강감순,2023-11-13,368000
228,강감찬,2023-07-03,370000
229,김유신,2024-04-07,338000
230,강감순,2023-12-10,204000
231,이순신,2023-08-27,305000
232,이유신,2023-02-26,320000
233,이유신,2024-01-04,233000
234,강감찬,2023-10-16,363000
235,홍길자,2023-08-30,351000
236,홍길동,2023-10-01,207000
237,홍길순,2023-05-17,73000
238,이순신,2023-06-18,9000
239,김구,2023-03-27,50000
240,이유신,2023-08-21,86000
241,강감찬,2023-12-03,272000
242,이순신,2024-02-01,158000
243,김유신,2023-04-06,14000
244,김유신,2023-03-08,133000
245,이순신,2024-04-18,378000
246,김유신,2023-10-13,211000
247,강감순,2024-04-29,363000
248,김구,2023-02-26,291000
249,홍길순,2023-10-31,246000
250,이유신,2023-05-22,93000
251,이순신,2023-05-12,356000
252,홍길순,2024-02-24,303000
253,강감찬,2023-06-26,78000
254,강감순,2023-03-31,104000
255,홍길순,2023-03-10,171000
256,홍길자,2023-03-27,159000
257,김구,2024-01-03,348000
258,이유신,2023-10-08,59000
259,김유신,2023-01-08,77000
260,김유신,2023-01-14,330000
261,홍길순,2023-01-18,60000
262,홍길순,2023-02-03,17000
263,홍길동,2023-07-09,135000
264,유관순,2023-04-16,373000
265,김유신,2023-10-22,385000
266,유관순,2023-07-25,149000
267,홍길동,2023-01-29,35000
268,이순신,2023-11-10,151000
269,김구,2023-04-08,381000
270,이순신,2023-04-14,212000
271,강감순,2024-04-29,395000
272,유관순,2023-04-19,61000
273,김구,2024-01-13,178000
274,홍길순,2023-11-12,93000
275,김유신,2023-11-29,298000
276,홍길동,2024-03-20,172000
277,강감찬,2023-04-16,377000
278,강감찬,2023-03-03,99000
279,김구,2023-09-05,166000
280,이순신,2023-08-31,18000
281,유관순,2023-03-10,288000
282,유관순,2024-04-11,392000
283,김구,2023-12-15,362000
284,유관순,2023-12-27,123000
285,홍길동,2023-03-15,58000
286,유관순,2024-03-26,115000
287,강감찬,2023-05-30,64000
288,이유신,2024-04-22,68000
289,유관순,2023-08-16,351000
290,이순신,2024-01-04,284000
291,유관순,2023-09-27,124000
292,강감찬,2023-01-27,329000
293,강감순,2023-07-12,288000
294,강감찬,2023-12-07,366000
295,김유신,2023-09-06,246000
296,이유신,2023-12-28,276000
297,홍길순,2024-03-28,361000
298,홍길자,2023-04-05,386000
299,강감찬,2024-04-27,381000
300,이유신,2023-07-06,162000
301,김구,2024-02-25,40000
302,홍길동,2023-02-15,294000
303,홍길자,2023-11-11,398000
304,이순신,2023-10-08,195000
305,강감찬,2023-07-09,254000
306,유관순,2023-08-31,60000
307,홍길자,2024-01-17,394000
308,홍길자,2023-04-15,8000
309,이유신,2023-06-07,274000
310,홍길자,2024-03-09,183000
311,강감순,2023-10-01,360000
312,이순신,2023-01-10,73000
313,이유신,2023-04-02,169000
314,이유신,2023-08-17,198000
315,유관순,2024-03-26,354000
316,강감순,2023-09-30,177000
317,이순신,2024-03-30,248000
318,김구,2024-03-19,88000
319,유관순,2023-03-06,49000
320,홍길순,2023-08-29,180000
321,강감찬,2024-04-15,126000
322,유관순,2023-10-31,394000
323,홍길자,2024-01-21,225000
324,강감순,2024-01-19,150000
325,강감찬,2023-09-19,7000
326,이유신,2024-02-26,82000
327,이유신,2023-07-09,8000
328,이유신,2023-01-01,283000
329,김구,2023-10-22,398000
330,홍길동,2024-03-23,201000
331,김구,2024-04-16,220000
332,이순신,2023-08-11,275000
333,홍길동,2023-09-14,195000
334,홍길동,2023-11-29,300000
335,김유신,2023-06-11,23000
336,이유신,2023-11-22,217000
337,강감순,2023-03-13,169000
338,김구,2023-11-09,89000
339,홍길자,2023-09-26,249000
340,김구,2023-03-13,109000
341,홍길순,2024-01-14,187000
342,이유신,2023-01-07,395000
343,이유신,2023-11-17,259000
344,유관순,2023-07-24,120000
345,김유신,2023-12-22,210000
346,홍길자,2023-05-28,155000
347,이유신,2024-01-08,71000
348,강감순,2023-06-14,255000
349,유관순,2023-11-19,16000
350,강감찬,2023-04-07,272000
351,이순신,2024-01-18,399000
352,김유신,2024-03-10,191000
353,홍길동,2023-04-10,258000
354,홍길자,2023-02-18,269000
355,김유신,2023-08-29,266000
356,강감찬,2023-01-16,116000
357,홍길순,2023-10-27,262000
358,이순신,2023-07-08,372000
359,홍길순,2023-10-04,15000
360,강감찬,2023-04-28,330000
361,이순신,2023-09-04,361000
362,강감순,2023-02-23,147000
363,홍길자,2024-03-14,276000
364,유관순,2023-10-02,63000
365,강감찬,2023-09-10,190000
366,유관순,2023-12-31,52000
367,이순신,2023-10-31,262000
368,강감찬,2023-03-03,170000
369,홍길자,2023-08-02,115000
370,홍길동,2023-12-01,370000
371,홍길순,2023-12-22,58000
372,김유신,2023-01-21,210000
373,김구,2023-12-18,125000
374,김구,2023-11-04,204000
375,이순신,2023-10-21,345000
376,홍길동,2024-03-09,94000
377,강감찬,2023-06-18,10000
378,홍길동,2023-01-29,315000
379,홍길순,2024-03-19,366000
380,홍길자,2024-04-23,325000
381,홍길자,2023-08-12,108000
382,김구,2023-05-18,89000
383,이순신,2024-01-18,287000
384,이순신,2023-02-25,182000
385,유관순,2023-04-01,43000
386,김유신,2024-04-16,396000
387,홍길자,2023-03-02,109000
388,유관순,2023-09-26,100000
389,강감순,2023-03-08,167000
390,김유신,2023-01-02,82000
391,김유신,2023-11-06,159000
392,김유신,2023-06-21,111000
393,이유신,2023-07-25,137000
394,홍길순,2023-11-26,399000
395,김유신,2023-03-11,100000
396,유관순,2023-09-03,326000
397,이유신,2023-07-24,216000
398,홍길자,2023-01-19,366000
399,이순신,2023-03-06,92000
400,김유신,2024-04-24,147000
401,홍길자,2023-08-04,109000
402,유관순,2023-04-30,398000
403,이유신,2023-12-10,330000
404,홍길동,2023-06-07,261000
405,이순신,2023-06-03,75000
406,유관순,2024-04-25,271000
407,홍길동,2023-01-20,275000
408,이유신,2024-02-08,133000
409,유관순,2024-01-23,206000
410,김구,2023-08-15,269000
411,유관순,2023-04-28,32000
412,홍길자,2023-10-23,267000
413,강감찬,2024-02-29,281000
414,강감찬,2024-02-20,303000
415,김유신,2024-03-03,119000
416,홍길동,2023-02-17,362000
417,강감순,2023-01-18,311000
418,유관순,2023-06-26,188000
419,이유신,2023-01-06,214000
420,이유신,2024-02-13,207000
421,홍길자,2023-02-02,44000
422,이순신,2023-02-15,352000
423,이순신,2023-06-28,385000
424,홍길동,2023-10-31,289000
425,이순신,2024-01-03,29000
426,이순신,2023-10-14,305000
427,홍길자,2023-10-25,225000
428,김유신,2023-07-11,364000
429,김유신,2023-07-25,188000
430,홍길자,2024-02-28,98000
431,홍길동,2024-04-18,29000
432,홍길순,2023-04-20,81000
433,강감순,2023-06-19,189000
434,강감순,2023-02-16,176000
435,김구,2023-01-18,395000
436,이유신,2023-06-10,311000
437,이순신,2024-03-21,26000
438,강감순,2024-03-16,229000
439,홍길순,2023-10-20,386000
440,이유신,2023-09-15,238000
441,이유신,2024-01-30,257000
442,김구,2023-11-27,178000
443,이유신,2023-01-25,340000
444,홍길자,2023-02-09,70000
445,홍길자,2023-06-01,251000
446,김유신,2023-11-02,41000
447,홍길자,2023-03-26,367000
448,홍길동,2023-07-01,266000
449,유관순,2023-11-28,184000
450,유관순,2023-06-01,268000
451,김유신,2024-02-19,131000
452,홍길자,2023-05-14,374000
453,홍길자,2023-08-26,21000
454,이유신,2023-12-09,383000
455,이순신,2023-06-30,166000
456,홍길순,2023-02-02,3000
457,이순신,2023-10-28,398000
458,이유신,2023-10-23,214000
459,홍길동,2023-11-28,106000
460,강감순,2023-09-26,166000
461,홍길순,2024-01-22,317000
462,홍길자,2023-05-04,31000
463,김구,2023-10-28,124000
464,홍길순,2023-01-05,97000
465,유관순,2024-04-24,240000
466,김유신,2023-12-16,233000
467,이순신,2023-12-29,212000
468,김구,2023-07-07,178000
469,강감순,2023-03-22,115000
470,이유신,2023-05-27,374000
471,유관순,2023-04-05,295000
472,홍길자,2024-03-20,307000
473,김유신,2023-08-03,294000
474,홍길동,2024-01-04,362000
475,홍길순,2023-02-05,124000
476,홍길동,2024-02-25,291000
477,강감순,2023-10-12,315000
478,홍길동,2023-08-02,142000
479,김구,2023-06-09,353000
480,김유신,2023-10-23,227000
481,강감찬,2024-02-15,188000
482,홍길순,2023-07-04,275000
483,강감찬,2023-09-13,170000
484,김구,2023-05-12,356000
485,홍길순,2023-09-21,138000
486,홍길동,2023-12-13,249000
487,강감순,2023-03-21,40000
488,김유신,2023-03-06,177000
489,홍길순,2023-10-26,105000
490,이순신,2023-01-09,160000
491,홍길동,2023-08-12,319000
492,김구,2023-11-19,313000
493,유관순,2023-09-05,305000
494,강감순,2023-11-27,315000
495,홍길동,2023-10-02,347000
496,홍길순,2023-03-12,169000
497,김구,2023-05-29,132000
498,김유신,2023-07-02,99000
499,김유신,2024-02-17,324000
500,강감순,2023-07-12,76000
501,홍길동,2024-03-20,125000
502,홍길자,2024-01-25,240000
503,홍길순,2023-08-20,336000
504,홍길자,2023-06-23,94000
505,강감순,2023-02-09,257000
506,이유신,2024-04-11,190000
507,강감찬,2024-01-23,33000
508,이순신,2023-10-04,235000
509,유관순,2023-09-08,253000
510,강감순,2023-11-18,317000
511,홍길순,2023-04-28,381000
512,홍길자,2023-09-15,130000
513,유관순,2023-09-16,211000
514,이유신,2023-12-16,363000
515,홍길순,2024-02-11,175000
516,강감찬,2023-12-19,51000
517,강감찬,2023-10-16,213000
518,강감순,2024-04-07,380000
519,강감찬,2023-07-15,340000
520,홍길순,2024-02-25,118000
521,김구,2023-02-08,307000
522,이순신,2023-02-14,42000
523,이순신,2023-05-19,348000
524,이순신,2023-02-01,94000
525,강감찬,2023-10-08,132000
526,강감순,2023-07-18,233000
527,강감찬,2024-01-06,195000
528,홍길동,2023-11-15,371000
529,이순신,2023-03-13,32000
530,이순신,2023-02-26,72000
531,김유신,2023-05-11,269000
532,홍길자,2023-01-29,299000
533,홍길동,2023-05-18,346000
534,이순신,2023-07-13,6000
535,김구,2023-03-29,208000
536,유관순,2024-01-18,170000
537,이순신,2024-03-23,139000
538,유관순,2023-04-15,11000
539,홍길동,2023-11-20,56000
540,홍길동,2023-04-04,154000
541,이유신,2023-07-07,335000
542,이유신,2023-10-31,225000
543,이유신,2023-08-11,90000
544,강감순,2023-03-27,371000
545,김유신,2023-06-25,129000
546,김유신,2023-02-28,207000
547,강감찬,2023-06-26,246000
548,이순신,2023-02-06,156000
549,유관순,2023-12-10,32000
550,유관순,2024-03-21,155000
551,이순신,2023-03-18,228000
552,홍길순,2024-04-17,398000
553,김구,2023-02-18,91000
554,김유신,2023-03-12,167000
555,이유신,2023-09-04,283000
556,이순신,2023-01-14,31000
557,유관순,2024-04-29,355000
558,김구,2023-02-24,189000
559,홍길순,2024-02-06,30000
560,홍길동,2023-08-10,136000
561,홍길순,2023-05-19,267000
562,홍길자,2023-04-17,140000
563,김구,2023-04-09,35000
564,홍길자,2023-02-28,287000
565,이유신,2023-12-11,308000
566,유관순,2023-08-17,335000
567,홍길자,2023-11-15,388000
568,김유신,2023-07-01,379000
569,홍길동,2024-03-13,79000
570,홍길동,2023-08-16,91000
571,유관순,2023-01-24,236000
572,김구,2023-06-14,323000
573,김구,2023-07-04,65000
574,강감순,2023-09-12,271000
575,홍길자,2023-06-07,167000
576,유관순,2023-03-23,40000
577,홍길동,2024-01-08,316000
578,강감찬,2023-03-14,105000
579,홍길자,2023-12-13,335000
580,홍길자,2023-05-09,330000
581,강감찬,2024-02-20,170000
582,강감찬,2023-01-15,270000
583,유관순,2024-02-25,53000
584,김유신,2024-04-17,256000
585,유관순,2024-02-08,17000
586,이순신,2023-08-13,38000
587,이순신,2023-12-30,59000
588,김구,2024-01-12,216000
589,이유신,2023-08-31,269000
590,홍길동,2023-10-14,284000
591,강감찬,2024-02-03,395000
592,강감찬,2024-02-27,373000
593,홍길동,2024-03-05,121000
594,이유신,2023-06-30,6000
595,김구,2024-03-19,133000
596,홍길순,2023-03-19,148000
597,이유신,2023-09-11,246000
598,홍길순,2023-12-01,316000
599,유관순,2024-02-12,80000
600,홍길순,2023-01-24,217000
601,김구,2023-01-26,274000
602,강감순,2023-09-29,312000
603,강감찬,2024-04-20,321000
604,홍길동,2023-09-15,334000
605,유관순,2023-06-20,164000
606,강감찬,2023-04-10,215000
607,홍길동,2023-05-22,217000
608,유관순,2023-06-03,79000
609,강감찬,2024-04-08,272000
610,강감순,2023-06-19,84000
611,홍길자,2023-01-01,184000
612,김구,2024-02-20,313000
613,김구,2024-02-03,342000
614,김구,2023-03-14,249000
615,홍길자,2023-02-10,368000
616,홍길순,2024-04-15,73000
617,강감찬,2024-03-18,201000
618,홍길자,2023-03-27,288000
619,홍길자,2023-09-14,172000
620,김구,2024-03-31,85000
621,김구,2023-08-16,45000
622,이순신,2024-01-27,249000
623,강감찬,2023-12-27,9000
624,강감순,2024-01-01,232000
625,강감찬,2023-07-07,241000
626,강감찬,2023-12-11,375000
627,김구,2024-01-19,90000
628,강감찬,2023-08-24,256000
629,홍길순,2024-02-01,232000
630,유관순,2023-04-10,322000
631,이순신,2023-03-07,339000
632,홍길순,2023-07-15,379000
633,홍길동,2023-05-08,275000
634,김유신,2023-05-22,214000
635,홍길순,2023-07-16,60000
636,유관순,2023-06-11,270000
637,강감순,2023-08-25,325000
638,홍길자,2023-09-29,115000
639,홍길동,2023-10-29,237000
640,강감찬,2023-12-04,337000
641,강감찬,2023-05-13,39000
642,홍길자,2023-01-15,54000
643,이순신,2023-01-26,148000
644,이순신,2023-03-05,105000
645,강감찬,2023-09-11,121000
646,강감찬,2023-06-22,26000
647,홍길순,2023-04-10,209000
648,홍길자,2024-04-28,323000
649,김유신,2024-02-06,220000
650,이유신,2023-02-18,380000
651,강감순,2023-09-23,70000
652,이유신,2023-08-11,145000
653,김유신,2024-02-17,126000
654,홍길자,2023-12-19,146000
655,홍길자,2023-12-05,313000
656,김유신,2023-05-25,366000
657,강감순,2024-02-20,95000
658,강감찬,2023-06-21,339000
659,이순신,2023-07-04,322000
660,김유신,2023-04-05,384000
661,유관순,2024-04-07,119000
662,이순신,2024-02-13,132000
663,홍길동,2023-01-07,263000
664,김구,2023-12-18,331000
665,김구,2023-07-10,379000
666,홍길동,2023-11-21,32000
667,이유신,2023-09-18,256000
668,홍길자,2023-06-16,343000
669,이유신,2023-03-12,251000
670,김구,2023-01-15,371000
671,강감찬,2023-06-06,249000
672,이순신,2024-04-08,264000
673,강감찬,2024-04-18,145000
674,유관순,2023-02-25,171000
675,강감순,2023-11-06,50000
676,강감찬,2024-03-29,334000
677,김유신,2023-05-05,381000
678,김유신,2023-08-18,400000
679,이순신,2024-01-12,291000
680,홍길순,2023-02-13,28000
681,홍길동,2024-03-22,254000
682,강감찬,2023-08-12,356000
683,김유신,2024-03-01,170000
684,이유신,2023-05-26,112000
685,강감찬,2023-08-23,14000
686,홍길동,2023-08-20,118000
687,홍길동,2024-02-11,383000
688,김구,2023-11-26,104000
689,홍길동,2023-11-06,336000
690,강감찬,2023-01-23,17000
691,강감순,2023-04-07,21000
692,김유신,2023-09-16,90000
693,강감순,2023-06-30,302000
694,홍길자,2023-09-11,338000
695,김유신,2023-01-16,261000
696,홍길동,2023-01-26,301000
697,강감찬,2023-03-07,230000
698,강감순,2024-02-29,179000
699,홍길자,2023-02-14,226000
700,김구,2023-09-05,254000
701,유관순,2024-01-23,280000
702,홍길동,2023-01-22,43000
703,강감찬,2023-07-06,346000
704,홍길순,2023-02-04,327000
705,유관순,2024-01-22,148000
706,강감순,2024-02-18,228000
707,이순신,2023-12-13,344000
708,이순신,2023-01-27,360000
709,이유신,2023-01-31,124000
710,유관순,2023-11-11,253000
711,강감순,2023-07-27,213000
712,김유신,2023-03-01,21000
713,김유신,2023-11-28,254000
714,유관순,2023-06-06,209000
715,홍길자,2024-04-19,29000
716,홍길순,2023-05-30,221000
717,김유신,2023-07-08,161000
718,홍길동,2023-03-08,333000
719,홍길자,2023-03-01,340000
720,김유신,2023-05-07,350000
721,홍길동,2023-07-18,42000
722,김구,2023-11-23,269000
723,이순신,2024-02-28,27000
724,유관순,2024-01-22,260000
725,유관순,2023-03-02,18000
726,김구,2024-01-13,375000
727,김구,2023-07-10,74000
728,홍길순,2023-09-24,139000
729,강감순,2023-12-11,43000
730,이유신,2023-02-23,217000
731,이순신,2023-12-18,175000
732,이순신,2023-05-12,377000
733,김구,2023-05-01,385000
734,유관순,2023-11-27,99000
735,홍길자,2023-02-07,286000
736,김유신,2023-09-06,197000
737,강감찬,2024-02-27,309000
738,유관순,2023-02-13,40000
739,홍길순,2024-01-06,292000
740,유관순,2024-01-15,61000
741,김구,2023-11-21,224000
742,홍길동,2023-10-18,328000
743,이유신,2023-02-13,283000
744,강감찬,2023-01-18,4000
745,강감순,2023-04-23,259000
746,홍길자,2023-11-10,136000
747,김유신,2024-03-23,84000
748,유관순,2023-10-27,389000
749,홍길동,2023-11-07,346000
750,홍길동,2024-02-22,356000
751,홍길순,2023-12-12,243000
752,김유신,2024-02-16,84000
753,홍길자,2024-04-23,296000
754,강감찬,2024-04-27,88000
755,김유신,2024-04-13,79000
756,강감순,2023-12-23,329000
757,홍길자,2023-10-19,36000
758,강감순,2023-06-23,357000
759,이유신,2024-04-23,391000
760,홍길동,2023-05-21,197000
761,유관순,2023-01-01,371000
762,강감순,2023-04-22,386000
763,이순신,2023-05-02,131000
764,유관순,2023-07-20,128000
765,김구,2023-03-08,340000
766,강감순,2023-01-09,6000
767,김유신,2024-01-19,7000
768,강감찬,2023-12-15,196000
769,홍길동,2023-11-24,75000
770,이순신,2023-03-13,389000
771,김유신,2024-02-25,253000
772,유관순,2023-06-03,378000
773,홍길순,2023-03-01,202000
774,김구,2023-10-14,183000
775,강감찬,2023-04-24,41000
776,홍길순,2023-01-21,280000
777,김유신,2023-02-27,236000
778,강감순,2023-07-14,70000
779,강감순,2023-01-01,295000
780,홍길순,2023-06-06,160000
781,강감찬,2024-03-29,69000
782,김구,2023-12-13,69000
783,유관순,2023-09-20,349000
784,이순신,2023-02-18,388000
785,김구,2024-04-10,350000
786,홍길자,2023-03-21,134000
787,이순신,2023-05-06,99000
788,강감찬,2024-04-24,139000
789,유관순,2023-06-25,197000
790,김유신,2024-03-20,354000
791,이유신,2024-04-29,186000
792,홍길순,2024-01-06,232000
793,강감순,2023-05-01,114000
794,김유신,2024-02-19,178000
795,김유신,2024-04-12,363000
796,김구,2023-06-22,325000
797,이유신,2023-11-19,230000
798,홍길순,2023-04-10,286000
799,강감순,2023-12-30,97000
800,홍길동,2023-09-19,217000
801,홍길순,2023-02-02,252000
802,강감순,2023-01-16,146000
803,이유신,2024-01-11,30000
804,김구,2023-10-19,356000
805,강감순,2024-02-15,18000
806,유관순,2024-02-16,32000
807,유관순,2023-11-10,272000
808,강감찬,2024-01-28,25000
809,홍길동,2023-07-24,282000
810,강감순,2023-11-11,94000
811,홍길순,2023-01-04,29000
812,이유신,2023-08-26,95000
813,김유신,2023-08-17,65000
814,강감순,2023-11-23,112000
815,홍길순,2023-10-29,181000
816,이순신,2023-10-26,220000
817,강감순,2023-10-23,58000
818,김구,2023-10-26,74000
819,유관순,2023-09-27,355000
820,김구,2023-09-12,143000
821,이유신,2023-02-05,7000
822,이유신,2024-02-01,400000
823,이유신,2023-01-26,369000
824,이순신,2023-02-03,121000
825,홍길순,2023-10-27,34000
826,김유신,2023-08-25,243000
827,이유신,2023-10-03,277000
828,홍길자,2023-06-11,192000
829,강감순,2023-02-01,107000
830,이유신,2023-10-01,76000
831,이유신,2023-02-04,2000
832,이순신,2023-01-30,288000
833,강감찬,2023-07-11,235000
834,유관순,2023-10-17,258000
835,홍길자,2024-01-28,249000
836,김유신,2023-01-18,95000
837,홍길동,2023-11-30,31000
838,강감찬,2023-02-28,240000
839,김유신,2023-02-18,94000
840,강감찬,2024-03-27,115000
841,홍길동,2024-03-29,119000
842,유관순,2024-02-26,45000
843,김구,2024-01-03,156000
844,강감순,2023-12-17,339000
845,홍길자,2023-04-02,396000
846,이순신,2023-04-12,131000
847,김구,2023-08-24,143000
848,홍길자,2023-10-19,213000
849,이순신,2024-01-29,28000
850,홍길순,2024-03-11,44000
851,홍길동,2023-05-25,350000
852,홍길동,2024-02-24,107000
853,이유신,2023-05-23,304000
854,김구,2023-12-21,119000
855,김유신,2023-08-07,326000
856,홍길순,2023-10-10,313000
857,강감찬,2023-03-05,368000
858,이유신,2023-08-08,282000
859,홍길순,2023-09-24,169000
860,이순신,2024-03-25,105000
861,강감순,2023-06-27,181000
862,강감찬,2023-08-14,218000
863,홍길순,2023-06-28,236000
864,강감순,2024-01-18,232000
865,홍길순,2023-12-12,31000
866,이유신,2023-12-25,84000
867,이유신,2023-10-26,251000
868,홍길동,2024-01-13,181000
869,홍길순,2024-01-12,36000
870,이순신,2023-07-20,176000
871,김구,2024-03-08,108000
872,유관순,2023-08-15,383000
873,이순신,2023-11-19,156000
874,강감찬,2023-01-27,13000
875,강감순,2023-09-30,351000
876,이유신,2023-01-23,289000
877,강감찬,2024-02-23,261000
878,김유신,2023-03-14,343000
879,강감찬,2024-03-16,355000
880,김구,2023-05-14,314000
881,강감찬,2024-01-24,128000
882,김유신,2023-06-27,257000
883,홍길순,2023-11-10,366000
884,홍길동,2023-08-14,344000
885,강감찬,2023-04-22,215000
886,김유신,2024-02-28,257000
887,홍길순,2023-07-12,264000
888,이순신,2023-02-25,231000
889,김유신,2023-05-15,211000
890,김구,2023-04-03,68000
891,강감순,2024-04-27,387000
892,김구,2024-01-01,311000
893,홍길동,2023-03-31,319000
894,홍길자,2024-04-11,39000
895,김구,2023-09-19,205000
896,홍길동,2023-07-18,111000
897,강감순,2023-10-16,336000
898,김유신,2024-01-08,178000
899,김구,2023-10-01,281000
900,김유신,2023-08-23,97000
901,홍길자,2024-02-12,363000
902,이순신,2024-02-11,42000
903,홍길자,2023-06-03,305000
904,홍길순,2023-02-10,334000
905,유관순,2023-12-11,177000
906,유관순,2024-03-27,177000
907,김유신,2023-07-12,161000
908,강감찬,2023-11-22,349000
909,김구,2024-03-08,183000
910,유관순,2023-02-10,81000
911,유관순,2023-04-20,342000
912,홍길동,2023-01-11,366000
913,김유신,2023-06-04,251000
914,강감찬,2024-04-29,236000
915,강감순,2023-10-15,341000
916,김구,2024-03-25,330000
917,강감순,2023-01-04,229000
918,강감순,2024-02-07,275000
919,김유신,2023-10-09,293000
920,유관순,2023-09-13,183000
921,강감순,2023-12-28,288000
922,강감순,2023-07-20,277000
923,이유신,2023-06-10,338000
924,김유신,2023-06-13,51000
925,유관순,2023-08-15,381000
926,김구,2023-12-19,93000
927,홍길자,2024-02-17,118000
928,김유신,2024-01-11,354000
929,강감찬,2024-04-21,273000
930,홍길동,2023-08-20,120000
931,김유신,2023-05-28,322000
932,이순신,2023-10-10,112000
933,김구,2024-01-18,199000
934,강감찬,2023-04-19,212000
935,강감순,2024-03-25,152000
936,김유신,2023-12-21,206000
937,김유신,2023-04-12,338000
938,홍길자,2023-02-01,188000
939,홍길순,2023-06-12,324000
940,홍길자,2024-04-04,110000
941,홍길자,2023-05-15,273000
942,이유신,2024-01-11,107000
943,홍길자,2023-05-23,379000
944,이유신,2023-11-27,209000
945,유관순,2023-01-07,26000
946,이순신,2024-02-03,283000
947,홍길순,2024-03-09,220000
948,이순신,2023-07-03,189000
949,김구,2023-12-31,361000
950,이순신,2023-09-12,325000
951,유관순,2023-03-19,160000
952,홍길동,2023-12-15,109000
953,이유신,2024-04-19,255000
954,홍길동,2024-01-26,113000
955,김유신,2023-11-11,185000
956,홍길자,2023-09-11,154000
957,유관순,2023-12-19,117000
958,이유신,2023-02-21,377000
959,강감순,2023-03-15,189000
960,김구,2023-06-20,12000
961,홍길동,2023-06-28,323000
962,김유신,2023-01-05,27000
963,이유신,2024-03-06,394000
964,홍길자,2023-06-24,312000
965,홍길동,2023-06-22,67000
966,유관순,2023-03-31,80000
967,홍길동,2023-08-13,311000
968,홍길순,2023-08-19,277000
969,강감찬,2023-01-03,176000
970,강감찬,2023-09-27,395000
971,이순신,2023-07-04,120000
972,홍길자,2023-01-05,139000
973,김구,2023-10-16,240000
974,유관순,2023-12-09,256000
975,홍길순,2024-01-08,80000
976,홍길순,2023-10-08,345000
977,강감찬,2023-06-27,132000
978,홍길동,2023-10-28,185000
979,홍길자,2024-04-03,177000
980,김구,2023-07-10,169000
981,김유신,2024-04-13,8000
982,강감순,2023-07-01,165000
983,유관순,2023-06-08,159000
984,강감순,2023-04-06,157000
985,이순신,2023-11-18,95000
986,이순신,2023-05-11,124000
987,이순신,2023-07-15,318000
988,이유신,2024-01-05,34000
989,홍길동,2023-04-24,198000
990,이유신,2023-10-16,276000
991,홍길자,2023-07-10,4000
992,강감순,2023-10-16,281000
993,이순신,2023-02-10,383000
994,홍길동,2023-01-23,257000
995,홍길순,2023-03-29,146000
996,홍길동,2023-07-26,41000
997,강감찬,2023-04-03,51000
998,김유신,2023-04-07,142000
999,홍길순,2023-09-05,368000
1000,김유신,2023-03-05,385000
